"V1","V2","V3","V4"
29.742239,-101.4077988,29.45003128,-101.0754852
29.45003128,-101.0754852,29.05468941,-100.6858749
29.05468941,-100.6858749,28.14941597,-100.1358337
28.14941597,-100.1358337,27.63948441,-99.63162994
27.63948441,-99.63162994,27.37019348,-99.50558472
27.37019348,-99.50558472,26.86599159,-99.31650543
26.86599159,-99.31650543,26.41335487,-99.04721832
26.41335487,-99.04721832,26.05812073,-97.98151398
26.05812073,-97.98151398,25.96644783,-97.16790771
25.96644783,-97.16790771,26.0409317,-97.20801544
26.0409317,-97.20801544,26.55086517,-97.44293213
26.55086517,-97.44293213,27.00922966,-97.54606628
27.00922966,-97.54606628,27.25560188,-97.50595856
27.25560188,-97.50595856,27.24987221,-97.59190369
27.24987221,-97.59190369,27.24414253,-97.68930817
27.24414253,-97.68930817,27.39311218,-97.72368622
27.39311218,-97.72368622,27.34154701,-97.57470703
27.34154701,-97.57470703,27.37592506,-97.51168823
27.37592506,-97.51168823,27.28997993,-97.51741791
27.28997993,-97.51741791,27.65667152,-97.36844635
27.65667152,-97.36844635,27.83428955,-97.47158051
27.83428955,-97.47158051,27.88012695,-97.48876953
27.88012695,-97.48876953,27.8915844,-97.13926697
27.8915844,-97.13926697,28.12649918,-97.20228577
28.12649918,-97.20228577,28.23535919,-96.98456573
28.23535919,-96.98456573,28.19525337,-96.8757019
28.19525337,-96.8757019,28.40724754,-96.81267548
28.40724754,-96.81267548,28.47600365,-96.79548645
28.47600365,-96.79548645,28.36713982,-96.61787415
28.36713982,-96.61787415,28.51610947,-96.46890259
28.51610947,-96.46890259,28.51037979,-96.58349609
28.51037979,-96.58349609,28.60205269,-96.57776642
28.60205269,-96.57776642,28.59059525,-96.65798187
28.59059525,-96.65798187,28.72810364,-96.61214447
28.72810364,-96.61214447,28.60778236,-96.45171356
28.60778236,-96.45171356,28.71091461,-96.40587616
28.71091461,-96.40587616,28.74529076,-96.21107483
28.74529076,-96.21107483,28.59059525,-96.23399353
28.59059525,-96.23399353,28.74529076,-95.78135681
28.74529076,-95.78135681,28.61924171,-96.00481415
28.61924171,-96.00481415,29.10625648,-95.23131561
29.10625648,-95.23131561,29.43284225,-94.91046143
29.43284225,-94.91046143,29.742239,-94.99639893
29.742239,-94.99639893,29.7651577,-94.847435
29.7651577,-94.847435,29.78234673,-94.70992279
29.78234673,-94.70992279,29.5588932,-94.75576019
29.5588932,-94.75576019,29.54743195,-94.61251831
29.54743195,-94.61251831,29.46148872,-94.68127441
29.46148872,-94.68127441,29.79953384,-93.49525452
29.79953384,-93.49525452,29.70213318,-92.90510559
29.70213318,-92.90510559,29.59326935,-92.21183014
29.59326935,-92.21183014,29.65056419,-92.12588501
29.65056419,-92.12588501,29.74797058,-92.14880371
29.74797058,-92.14880371,29.79953384,-91.8795166
29.79953384,-91.8795166,29.7193203,-91.63887024
29.7193203,-91.63887024,29.5359745,-91.53573608
29.5359745,-91.53573608,29.37554741,-91.15758514
29.37554741,-91.15758514,29.20938873,-91.03726196
29.20938873,-91.03726196,29.14063263,-90.68202972
29.14063263,-90.68202972,29.30679131,-90.49868011
29.30679131,-90.49868011,29.24376488,-90.40128326
29.24376488,-90.40128326,29.28960228,-90.32679749
29.28960228,-90.32679749,29.11771393,-90.17782593
29.11771393,-90.17782593,29.28960228,-90.06896973
29.28960228,-90.06896973,29.47867966,-89.99448395
29.47867966,-89.99448395,29.37554741,-89.83978271
29.37554741,-89.83978271,29.11198425,-89.33557892
29.11198425,-89.33557892,28.99739456,-89.35276794
28.99739456,-89.35276794,29.10052681,-89.23817444
29.10052681,-89.23817444,29.07187653,-89.16942596
29.07187653,-89.16942596,29.22084618,-89.03764343
29.22084618,-89.03764343,29.50732613,-89.57049561
29.50732613,-89.57049561,29.67921448,-89.54184723
29.67921448,-89.54184723,29.95423508,-89.21526337
29.95423508,-89.21526337,30.16049957,-89.23817444
30.16049957,-89.23817444,29.95423508,-89.587677
29.95423508,-89.587677,29.93704414,-89.74237823
29.93704414,-89.74237823,30.05163765,-89.82832336
30.05163765,-89.82832336,30.16622734,-89.68508148
30.16622734,-89.68508148,30.17195702,-89.76529694
30.17195702,-89.76529694,30.16049957,-89.85124207
30.16049957,-89.85124207,30.08028221,-90.29814911
30.08028221,-90.29814911,30.21206474,-90.42420197
30.21206474,-90.42420197,30.40114212,-90.16636658
30.40114212,-90.16636658,30.2006073,-89.5017395
30.2006073,-89.5017395,30.33811569,-89.29547882
30.33811569,-89.29547882,30.41832924,-88.7970047
30.41832924,-88.7970047,30.38968086,-88.12664032
30.38968086,-88.12664032,30.79075241,-87.98912811
30.79075241,-87.98912811,30.28654861,-87.8286972
30.28654861,-87.8286972,30.24644089,-87.92037201
30.24644089,-87.92037201,30.48708534,-87.18125916
30.48708534,-87.18125916,30.56156921,-87.1468811
30.56156921,-87.1468811,30.51573181,-87.07239532
30.51573181,-87.07239532,30.51000404,-86.98072052
30.51000404,-86.98072052,30.39541054,-87.11823273
30.39541054,-87.11823273,30.49854279,-86.19577026
30.49854279,-86.19577026,30.43551826,-86.20722961
30.43551826,-86.20722961,30.44697952,-86.51089478
30.44697952,-86.51089478,30.20633316,-85.7545929
30.20633316,-85.7545929,30.30373955,-85.823349
30.30373955,-85.823349,30.22925186,-85.70302582
30.22925186,-85.70302582,30.07455635,-85.51967621
30.07455635,-85.51967621,30.11466217,-85.68583679
30.11466217,-85.68583679,29.79953384,-85.32487488
29.79953384,-85.32487488,29.74797058,-85.40509033
29.74797058,-85.40509033,29.84537125,-85.45092773
29.84537125,-85.45092773,29.70785904,-85.3191452
29.70785904,-85.3191452,29.9714241,-84.40814209
29.9714241,-84.40814209,30.09747505,-84.17896271
30.09747505,-84.17896271,29.93704414,-83.69767761
29.93704414,-83.69767761,29.57608223,-83.39400482
29.57608223,-83.39400482,29.18647003,-82.97574615
29.18647003,-82.97574615,29.05468941,-82.7408371
29.05468941,-82.7408371,28.86561203,-82.67781067
28.86561203,-82.67781067,28.21244049,-82.77521515
28.21244049,-82.77521515,27.85147858,-82.7866745
27.85147858,-82.7866745,27.77699471,-82.63770294
27.77699471,-82.63770294,28.02336693,-82.67781067
28.02336693,-82.67781067,27.90877533,-82.48300171
27.90877533,-82.48300171,27.8457489,-82.38559723
27.8457489,-82.38559723,27.45040703,-82.62624359
27.45040703,-82.62624359,26.82588387,-82.2137146
26.82588387,-82.2137146,26.99777031,-82.2366333
26.99777031,-82.2366333,26.93474579,-82.09339905
26.93474579,-82.09339905,26.48783875,-81.99025726
26.48783875,-81.99025726,26.32741165,-81.85274506
26.32741165,-81.85274506,25.92061043,-81.67513275
25.92061043,-81.67513275,25.65705109,-81.28552246
25.65705109,-81.28552246,25.38203049,-81.06207275
25.38203049,-81.06207275,25.24452019,-80.9360199
25.24452019,-80.9360199,25.23306084,-81.02196503
25.23306084,-81.02196503,25.26743889,-81.18239594
25.26743889,-81.18239594,25.13565826,-80.99330902
25.13565826,-80.99330902,25.30181503,-80.39170837
25.30181503,-80.39170837,25.78310013,-80.16252136
25.78310013,-80.16252136,27.01496124,-80.09377289
27.01496124,-80.09377289,28.78539848,-80.82715607
28.78539848,-80.82715607,28.80831718,-80.78704834
28.80831718,-80.78704834,30.09747505,-81.33135986
30.09747505,-81.33135986,30.68762016,-81.52616119
30.68762016,-81.52616119,31.01993561,-81.44021606
31.01993561,-81.44021606,31.04858208,-81.44021606
31.04858208,-81.44021606,31.12879562,-81.47460175
31.12879562,-81.47460175,31.3407917,-81.40584564
31.3407917,-81.40584564,31.53559875,-81.21103668
31.53559875,-81.21103668,31.5241375,-81.28552246
31.5241375,-81.28552246,31.69029427,-81.13655853
31.69029427,-81.13655853,31.73040199,-81.12509155
31.73040199,-81.12509155,31.85645294,-81.09072113
31.85645294,-81.09072113,32.03979874,-80.8901825
32.03979874,-80.8901825,32.26898193,-80.71256256
32.26898193,-80.71256256,32.25179291,-80.78704834
32.25179291,-80.78704834,32.39503479,-80.76412964
32.39503479,-80.76412964,32.34346771,-80.56359863
32.34346771,-80.56359863,32.46951675,-80.52922058
32.46951675,-80.52922058,32.74453735,-79.9046936
32.74453735,-79.9046936,32.82475281,-79.89323425
32.82475281,-79.89323425,32.87631989,-79.67550659
32.87631989,-79.67550659,33.24874115,-79.2171402
33.24874115,-79.2171402,33.31749725,-79.22286987
33.31749725,-79.22286987,33.86753464,-78.5582428
33.86753464,-78.5582428,33.98212814,-77.9623642
33.98212814,-77.9623642,34.06233978,-77.90506744
34.06233978,-77.90506744,34.00504684,-77.88788605
34.00504684,-77.88788605,34.45768356,-77.5269165
34.45768356,-77.5269165,34.5608139,-77.412323
34.5608139,-77.412323,34.70978165,-77.38368225
34.70978165,-77.38368225,34.5608139,-77.28054047
34.5608139,-77.28054047,34.73270035,-77.13730621
34.73270035,-77.13730621,34.7899971,-76.72477722
34.7899971,-76.72477722,34.77853775,-76.48986816
34.77853775,-76.48986816,35.00199127,-76.30651855
35.00199127,-76.30651855,34.99626541,-76.40392303
34.99626541,-76.40392303,35.00199127,-76.48413849
35.00199127,-76.48413849,35.00199127,-76.56435394
35.00199127,-76.56435394,34.95042801,-76.58726501
34.95042801,-76.58726501,34.93323898,-76.66175842
34.93323898,-76.66175842,34.92750931,-76.799263
34.92750931,-76.799263,35.07647705,-76.97688293
35.07647705,-76.97688293,35.02490997,-76.70186615
35.02490997,-76.70186615,35.15095901,-76.59872437
35.15095901,-76.59872437,35.31138992,-76.54142761
35.31138992,-76.54142761,35.30565643,-76.65029907
35.30565643,-76.65029907,35.50619507,-76.99979401
35.50619507,-76.99979401,35.42598343,-76.59299469
35.42598343,-76.59299469,35.55203247,-76.63310242
35.55203247,-76.63310242,35.50619507,-76.46694946
35.50619507,-76.46694946,35.3858757,-76.51851654
35.3858757,-76.51851654,35.3858757,-76.39246368
35.3858757,-76.39246368,35.38014603,-76.06015015
35.38014603,-76.06015015,35.56349182,-75.82523346
35.56349182,-75.82523346,35.83278275,-75.73355865
35.83278275,-75.73355865,35.90153885,-75.88253021
35.90153885,-75.88253021,35.90153885,-75.95701599
35.90153885,-75.95701599,35.65516663,-76.07733917
35.65516663,-76.07733917,35.69527054,-76.10598755
35.69527054,-76.10598755,35.98175049,-76.07733917
35.98175049,-76.07733917,35.97029114,-76.71904755
35.97029114,-76.71904755,36.3197937,-76.69613647
36.3197937,-76.69613647,36.04477692,-76.61592102
36.04477692,-76.61592102,36.11925888,-76.35808563
36.11925888,-76.35808563,36.16509628,-76.24922943
36.16509628,-76.24922943,36.19374084,-76.08879089
36.19374084,-76.08879089,36.29114914,-76.12889862
36.29114914,-76.12889862,36.23384857,-75.96847534
36.23384857,-75.96847534,36.15363693,-75.82523346
36.15363693,-75.82523346,36.48595047,-76.04868317
36.48595047,-76.04868317,36.55470657,-75.98566437
36.55470657,-75.98566437,36.55470657,-75.96273804
36.55470657,-75.96273804,36.62345886,-75.90544891
36.62345886,-75.90544891,35.93591309,-75.63615417
35.93591309,-75.63615417,35.87862015,-75.5674057
35.87862015,-75.5674057,36.91566849,-76.04296112
36.91566849,-76.04296112,36.92713165,-76.31797791
36.92713165,-76.31797791,36.90994263,-76.48413849
36.90994263,-76.48413849,37.19642258,-76.82790375
37.19642258,-76.82790375,37.25371552,-76.90812683
37.25371552,-76.90812683,37.14485168,-76.60446167
37.14485168,-76.60446167,37.00161362,-76.35808563
37.00161362,-76.35808563,37.08755875,-76.32370758
37.08755875,-76.32370758,37.27090454,-76.51851654
37.27090454,-76.51851654,37.29382324,-76.46694946
37.29382324,-76.46694946,37.39122391,-76.38673401
37.39122391,-76.38673401,37.37976837,-76.25495148
37.37976837,-76.25495148,37.53446579,-76.42684174
37.53446579,-76.42684174,37.56311417,-76.38673401
37.56311417,-76.38673401,37.93553543,-76.87947845
37.93553543,-76.87947845,38.02720642,-76.90812683
38.02720642,-76.90812683,37.6204071,-76.34662628
37.6204071,-76.34662628,37.83240509,-76.30651855
37.83240509,-76.30651855,37.92407608,-76.31224823
37.92407608,-76.31224823,38.31368637,-77.05136108
38.31368637,-77.05136108,38.4454689,-77.01125336
38.4454689,-77.01125336,38.31368637,-76.87947845
38.31368637,-76.87947845,38.15898895,-76.48413849
38.15898895,-76.48413849,38.11315155,-76.35235596
38.11315155,-76.35235596,38.29649734,-76.45549011
38.29649734,-76.45549011,38.42827988,-76.58153534
38.42827988,-76.58153534,38.37098694,-76.39246368
38.37098694,-76.39246368,38.76059723,-76.57581329
38.76059723,-76.57581329,38.97831726,-76.44403076
38.97831726,-76.44403076,39.06426239,-76.44976044
39.06426239,-76.44976044,39.26479721,-76.55862427
39.26479721,-76.55862427,39.27625656,-76.39819336
39.27625656,-76.39819336,39.49398041,-76.14035797
39.49398041,-76.14035797,39.51689911,-75.98566437
39.51689911,-75.98566437,39.45387268,-75.90544891
39.45387268,-75.90544891,39.37939072,-75.96273804
39.37939072,-75.96273804,39.21323395,-76.24349976
39.21323395,-76.24349976,39.10437012,-76.20339203
39.10437012,-76.20339203,39.07572174,-76.14608765
39.07572174,-76.14608765,38.79497147,-76.22057343
38.79497147,-76.22057343,38.81789017,-76.30651855
38.81789017,-76.30651855,38.73194504,-76.27787018
38.73194504,-76.27787018,38.66892242,-76.15182495
38.66892242,-76.15182495,38.57725143,-76.10598755
38.57725143,-76.10598755,38.59443665,-76.28359985
38.59443665,-76.28359985,38.52568054,-76.24922943
38.52568054,-76.24922943,38.35952377,-76.24922943
38.35952377,-76.24922943,38.30223083,-76.04296112
38.30223083,-76.04296112,38.31368637,-75.92836761
38.31368637,-75.92836761,38.21055603,-75.85961151
38.21055603,-75.85961151,38.14179993,-75.89398956
38.14179993,-75.89398956,38.11315155,-75.85388184
38.11315155,-75.85388184,38.02720642,-75.81377411
38.02720642,-75.81377411,37.91835022,-75.84242249
37.91835022,-75.84242249,37.91261673,-75.72782898
37.91261673,-75.72782898,37.78083801,-75.78512573
37.78083801,-75.78512573,37.39122391,-75.95701599
37.39122391,-75.95701599,37.3740387,-75.96273804
37.3740387,-75.96273804,37.13339615,-75.97420502
37.13339615,-75.97420502,37.47716904,-75.76793671
37.47716904,-75.76793671,38.21628571,-75.24655151
38.21628571,-75.24655151,37.90115738,-75.36686707
37.90115738,-75.36686707,38.45692444,-75.0574646
38.45692444,-75.0574646,38.56578827,-75.16633606
38.56578827,-75.16633606,38.64027023,-75.13195801
38.64027023,-75.13195801,38.64027023,-75.0632019
38.64027023,-75.0632019,38.79497147,-75.18351746
38.79497147,-75.18351746,39.34501266,-75.49291992
39.34501266,-75.49291992,39.6544075,-75.57886505
39.6544075,-75.57886505,39.36219788,-75.39551544
39.36219788,-75.39551544,39.16739655,-74.91996002
39.16739655,-74.91996002,38.93247986,-74.9486084
38.93247986,-74.9486084,39.52835846,-74.34127808
39.52835846,-74.34127808,40.02109909,-74.07198334
40.02109909,-74.07198334,40.39352417,-73.95738983
40.39352417,-73.95738983,40.49092865,-74.23241425
40.49092865,-74.23241425,40.89199829,-73.94020844
40.89199829,-73.94020844,40.80605316,-73.89437103
40.80605316,-73.89437103,40.91491699,-73.74539185
40.91491699,-73.74539185,41.25868988,-72.97190094
41.25868988,-72.97190094,41.24723053,-72.89742279
41.24723053,-72.89742279,41.38474274,-71.55097198
41.38474274,-71.55097198,41.65402985,-71.39054108
41.65402985,-71.39054108,41.46495438,-71.34470367
41.46495438,-71.34470367,41.54516983,-71.08114624
41.54516983,-71.08114624,41.74570465,-70.697258
41.74570465,-70.697258,41.59100723,-70.66287994
41.59100723,-70.66287994,41.65402985,-70.21024323
41.65402985,-70.21024323,41.65402985,-70.01544189
41.65402985,-70.01544189,41.9634285,-69.99825287
41.9634285,-69.99825287,42.02645493,-70.21598053
42.02645493,-70.21598053,41.84883881,-70.02117157
41.84883881,-70.02117157,41.72278595,-70.33629608
41.72278595,-70.33629608,41.94623947,-70.64569855
41.94623947,-70.64569855,42.09521103,-70.64569855
42.09521103,-70.64569855,42.30147552,-71.04103851
42.30147552,-71.04103851,42.55930328,-70.76029205
42.55930328,-70.76029205,42.8572464,-70.84049988
42.8572464,-70.84049988,43.55625153,-70.26754761
43.55625153,-70.26754761,43.65938568,-70.284729
43.65938568,-70.284729,43.85419083,-69.92949677
43.85419083,-69.92949677,43.73959732,-69.87220001
43.73959732,-69.87220001,43.8828392,-69.78626251
43.8828392,-69.78626251,43.8828392,-69.70031738
43.8828392,-69.70031738,43.92867661,-69.61437225
43.92867661,-69.61437225,43.89429474,-69.54561615
43.89429474,-69.54561615,44.03180313,-69.41384125
44.03180313,-69.41384125,43.99742889,-69.32789612
43.99742889,-69.32789612,43.99742889,-69.25340271
43.99742889,-69.25340271,44.10629272,-69.12162781
44.10629272,-69.12162781,44.56465912,-68.82369232
44.56465912,-68.82369232,44.41568756,-68.82369232
44.41568756,-68.82369232,44.43860626,-68.74347687
44.43860626,-68.74347687,44.38131332,-68.80076599
44.38131332,-68.80076599,44.30682755,-68.70336914
44.30682755,-68.70336914,44.31255722,-68.58878326
44.31255722,-68.58878326,44.46152496,-68.4340744
44.46152496,-68.4340744,44.49590302,-68.31948853
44.49590302,-68.31948853,44.39850235,-68.08457184
44.39850235,-68.08457184,44.45579529,-67.98143768
44.45579529,-67.98143768,44.56465912,-67.83247375
44.56465912,-67.83247375,44.62195206,-67.50588989
44.62195206,-67.50588989,44.69643784,-67.38556671
44.69643784,-67.38556671,44.66778946,-67.29962158
44.66778946,-67.29962158,44.78238297,-67.01887512
44.78238297,-67.01887512,44.85686493,-67.1391983
44.85686493,-67.1391983,44.93135071,-67.12200165
44.93135071,-67.12200165,45.06312943,-67.11054993
45.06312943,-67.11054993,45.24074936,-67.43140411
45.24074936,-67.43140411,45.52149582,-67.41421509
45.52149582,-67.41421509,45.67619705,-67.75798798
45.67619705,-67.75798798,47.01118851,-67.775177
47.01118851,-67.775177,47.33777237,-68.15905762
47.33777237,-68.15905762,47.20599365,-68.86952972
47.20599365,-68.86952972,47.33204269,-69.06433105
47.33204269,-69.06433105,47.45809555,-69.14454651
47.45809555,-69.14454651,46.61584473,-70.02690125
46.61584473,-70.02690125,46.34082413,-70.20451355
46.34082413,-70.20451355,45.962677,-70.26754761
45.962677,-70.26754761,45.56733322,-70.69153595
45.56733322,-70.69153595,45.41836548,-70.63996887
45.41836548,-70.63996887,45.41836548,-70.76029205
45.41836548,-70.76029205,45.33242035,-70.82331085
45.33242035,-70.82331085,45.320961,-70.92071533
45.320961,-70.92071533,45.2980423,-71.3160553
45.2980423,-71.3160553,45.0688591,-71.48221588
45.0688591,-71.48221588,44.99437714,-74.89704132
44.99437714,-74.89704132,44.49590302,-75.79086304
44.49590302,-75.79086304,44.14639664,-76.31224823
44.14639664,-76.31224823,44.00315857,-76.30651855
44.00315857,-76.30651855,44.00888824,-76.23776245
44.00888824,-76.23776245,43.94586563,-76.15755463
43.94586563,-76.15755463,43.87710953,-76.26068115
43.87710953,-76.26068115,43.68230057,-76.21484375
43.68230057,-76.21484375,43.51041412,-76.34662628
43.51041412,-76.34662628,43.32706833,-76.7075882
43.32706833,-76.7075882,43.2640419,-77.48680878
43.2640419,-77.48680878,43.332798,-77.75610352
43.332798,-77.75610352,43.29269028,-78.97077179
43.29269028,-78.97077179,43.14944839,-79.01660919
43.14944839,-79.01660919,42.811409,-78.85617828
42.811409,-78.85617828,42.57649231,-79.12547302
42.57649231,-79.12547302,41.64257431,-81.48032379
41.64257431,-81.48032379,41.47068405,-82.17360687
41.47068405,-82.17360687,41.44203568,-82.90699768
41.44203568,-82.90699768,41.51652145,-82.75801849
41.51652145,-82.75801849,41.59673691,-82.8496933
41.59673691,-82.8496933,41.69413757,-83.43411255
41.69413757,-83.43411255,41.87748337,-83.38254547
41.87748337,-83.38254547,42.34158325,-83.02731323
42.34158325,-83.02731323,42.66816711,-82.77521515
42.66816711,-82.77521515,42.57649231,-82.63197327
42.57649231,-82.63197327,42.92599869,-82.50019836
42.92599869,-82.50019836,43.91148376,-82.68927002
43.91148376,-82.68927002,44.0432663,-83.05023193
44.0432663,-83.05023193,43.63646698,-83.62892151
43.63646698,-83.62892151,43.64219284,-83.85810852
43.64219284,-83.85810852,43.87137604,-83.91539764
43.87137604,-83.91539764,44.00315857,-83.70912933
44.00315857,-83.70912933,44.26099014,-83.52005768
44.26099014,-83.52005768,44.26099014,-83.4455719
44.26099014,-83.4455719,44.53601074,-83.313797
44.53601074,-83.313797,45.0459404,-83.43411255
45.0459404,-83.43411255,45.04021072,-83.29087067
45.04021072,-83.29087067,45.13188553,-83.313797
45.13188553,-83.313797,45.37825775,-83.6231842
45.37825775,-83.6231842,45.61317062,-84.17323303
45.61317062,-84.17323303,45.75067902,-84.87796783
45.75067902,-84.87796783,45.61317062,-85.06703949
45.61317062,-85.06703949,45.41836548,-84.98109436
45.41836548,-84.98109436,45.30377579,-85.2962265
45.30377579,-85.2962265,44.78238297,-85.47956848
44.78238297,-85.47956848,44.94281006,-85.47956848
44.94281006,-85.47956848,44.8396759,-85.56551361
44.8396759,-85.56551361,45.13188553,-85.58271027
45.13188553,-85.58271027,45.08604813,-85.67438507
45.08604813,-85.67438507,44.97145844,-85.9150238
44.97145844,-85.9150238,44.59903336,-86.21295929
44.59903336,-86.21295929,44.0891037,-86.4421463
44.0891037,-86.4421463,43.94586563,-86.436409
43.94586563,-86.436409,43.68230057,-86.49943542
43.68230057,-86.49943542,43.23539352,-86.31036377
43.23539352,-86.31036377,42.58222198,-86.21868896
42.58222198,-86.21868896,41.84883881,-86.68278503
41.84883881,-86.68278503,41.64257431,-87.39898682
41.64257431,-87.39898682,42.12385559,-87.74275208
42.12385559,-87.74275208,42.61660004,-87.81151581
42.61660004,-87.81151581,43.01767349,-87.88026428
43.01767349,-87.88026428,43.82554245,-87.70264435
43.82554245,-87.70264435,44.14639664,-87.57086945
44.14639664,-87.57086945,44.3182869,-87.51930237
44.3182869,-87.51930237,45.25793839,-86.95780182
45.25793839,-86.95780182,45.18918228,-87.1468811
45.18918228,-87.1468811,44.91416168,-87.37606049
44.91416168,-87.37606049,44.75373077,-87.69119263
44.75373077,-87.69119263,44.54746628,-88.04642487
44.54746628,-88.04642487,44.97718811,-87.719841
44.97718811,-87.719841,45.9168396,-86.96353149
45.9168396,-86.96353149,45.75067902,-86.96926117
45.75067902,-86.96926117,45.89965057,-86.60256958
45.89965057,-86.60256958,45.76786804,-86.64840698
45.76786804,-86.64840698,45.63035965,-86.65986633
45.63035965,-86.65986633,45.962677,-86.17285156
45.962677,-86.17285156,45.962677,-86.00669098
45.962677,-86.00669098,46.08872604,-85.49676514
46.08872604,-85.49676514,46.08872604,-85.39363098
46.08872604,-85.39363098,45.8710022,-84.78056335
45.8710022,-84.78056335,45.96840286,-84.71180725
45.96840286,-84.71180725,45.95694351,-84.0414505
45.95694351,-84.0414505,45.962677,-83.96696472
45.962677,-83.96696472,46.16320801,-84.18469238
46.16320801,-84.18469238,46.40958023,-84.25917053
46.40958023,-84.25917053,46.46687698,-84.98683167
46.46687698,-84.98683167,46.70751953,-84.99829102
46.70751953,-84.99829102,46.69033051,-85.92075348
46.69033051,-85.92075348,46.42103958,-86.66559601
46.42103958,-86.66559601,46.49552536,-87.25574493
46.49552536,-87.25574493,46.80492401,-87.6510849
46.80492401,-87.6510849,46.86221695,-88.23549652
46.86221695,-88.23549652,46.80492401,-88.4016571
46.80492401,-88.4016571,47.07421494,-88.3558197
47.07421494,-88.3558197,47.4007988,-87.77140808
47.4007988,-87.77140808,47.48101425,-87.83442688
47.48101425,-87.83442688,47.29193497,-88.48187256
47.29193497,-88.48187256,46.84503174,-89.42725372
46.84503174,-89.42725372,46.61584473,-90.28096008
46.61584473,-90.28096008,46.63303375,-90.63619232
46.63303375,-90.63619232,46.57574081,-90.87110138
46.57574081,-90.87110138,46.88513565,-90.75078583
46.88513565,-90.75078583,46.77627563,-91.37530518
46.77627563,-91.37530518,46.72470856,-92.08577728
46.72470856,-92.08577728,47.4007988,-91.07164001
47.4007988,-91.07164001,47.97948837,-89.587677
47.97948837,-89.587677,48.01959229,-89.91426849
48.01959229,-89.91426849,48.12272644,-90.62473297
48.12272644,-90.62473297,48.24304581,-90.83100128
48.24304581,-90.83100128,48.05970001,-91.40968323
48.05970001,-91.40968323,48.3576355,-92.15453339
48.3576355,-92.15453339,48.25450516,-92.28057861
48.25450516,-92.28057861,48.34045029,-92.45246887
48.34045029,-92.45246887,48.45504379,-92.63008881
48.45504379,-92.63008881,48.50660706,-92.61289978
48.50660706,-92.61289978,48.62119675,-92.92229462
48.62119675,-92.92229462,48.50660706,-93.7702713
48.50660706,-93.7702713,48.59828186,-93.78746033
48.59828186,-93.78746033,48.73579025,-94.60679626
48.73579025,-94.60679626,49.2972908,-94.79586792
49.2972908,-94.79586792,49.37177277,-95.10526276
49.37177277,-95.10526276,49.00508118,-95.15682983
49.00508118,-95.15682983,48.95924377,-122.7046356
48.95924377,-122.7046356,48.76443863,-122.6129761
48.76443863,-122.6129761,48.7701683,-122.5041046
48.7701683,-122.5041046,48.50660706,-122.4410858
48.50660706,-122.4410858,48.50087738,-122.6015167
48.50087738,-122.6015167,48.3576355,-122.4468079
48.3576355,-122.4468079,48.03105164,-122.2348175
48.03105164,-122.2348175,47.84770584,-122.3093033
47.84770584,-122.3093033,47.43517685,-122.303566
47.43517685,-122.303566,47.30912399,-122.3895187
47.30912399,-122.3895187,47.29193497,-122.4639969
47.29193497,-122.4639969,47.1486969,-122.5900497
47.1486969,-122.5900497,47.14296722,-122.7447433
47.14296722,-122.7447433,47.02837753,-122.8421555
47.02837753,-122.8421555,47.10858917,-122.928093
47.10858917,-122.928093,47.13150787,-122.9624786
47.13150787,-122.9624786,47.16588593,-122.9567413
47.16588593,-122.9567413,47.18307495,-123.0426865
47.18307495,-123.0426865,47.30912399,-122.8020477
47.30912399,-122.8020477,47.17734528,-122.7504807
47.17734528,-122.7504807,47.38360977,-122.5900497
47.38360977,-122.5900497,47.27474976,-122.5785904
47.27474976,-122.5785904,47.49819946,-122.4639969
47.49819946,-122.4639969,47.52685165,-122.5957794
47.52685165,-122.5957794,47.61279297,-122.6186981
47.61279297,-122.6186981,47.70446777,-122.549942
47.70446777,-122.549942,47.73311615,-122.4697342
47.73311615,-122.4697342,47.91073227,-122.5270233
47.91073227,-122.5270233,47.85916519,-122.5327606
47.85916519,-122.5327606,47.63571167,-122.8192291
47.63571167,-122.8192291,47.3778801,-122.9968414
47.3778801,-122.9968414,47.33777237,-123.0770569
47.33777237,-123.0770569,47.81332779,-122.8249588
47.81332779,-122.8249588,47.80759811,-122.7390213
47.80759811,-122.7390213,47.81905746,-122.6530838
47.81905746,-122.6530838,48.07688904,-122.6301575
48.07688904,-122.6301575,48.01959229,-122.6702652
48.01959229,-122.6702652,48.07115936,-122.7562027
48.07115936,-122.7562027,48.02532196,-122.8249588
48.02532196,-122.8249588,48.11699677,-123.2833328
48.11699677,-123.2833328,48.39201736,-124.6355057
48.39201736,-124.6355057,48.15710068,-124.6813431
48.15710068,-124.6813431,47.85916519,-124.5037308
47.85916519,-124.5037308,46.98826981,-124.1083908
46.98826981,-124.1083908,47.04556274,-124.0453568
47.04556274,-124.0453568,46.99972534,-123.8562851
46.99972534,-123.8562851,46.86221695,-124.0281754
46.86221695,-124.0281754,46.78773499,-124.0453568
46.78773499,-124.0453568,46.67887115,-123.8620071
46.67887115,-123.8620071,46.38093185,-123.8963928
46.38093185,-123.8963928,46.57000732,-123.9708862
46.57000732,-123.9708862,46.31217957,-124.0281754
46.31217957,-124.0281754,46.25488281,-123.386467
46.25488281,-123.386467,46.19758606,-123.5468903
46.19758606,-123.5468903,46.22050476,-123.9021149
46.22050476,-123.9021149,45.99705124,-123.9078522
45.99705124,-123.9078522,45.51576614,-123.8448257
45.51576614,-123.8448257,45.50430679,-123.9135818
45.50430679,-123.9135818,43.92867661,-124.1141129
43.92867661,-124.1141129,42.84578323,-124.5323792
42.84578323,-124.5323792,42.49628067,-124.3834152
42.49628067,-124.3834152,41.9405098,-124.2000656
41.9405098,-124.2000656,41.62538147,-124.0969315
41.62538147,-124.0969315,41.09826279,-124.1255722
41.09826279,-124.1255722,40.70292282,-124.2860031
40.70292282,-124.2860031,40.37060547,-124.3318481
40.37060547,-124.3318481,39.860672,-123.8562851
39.860672,-123.8562851,38.99550629,-123.7073212
38.99550629,-123.7073212,38.19909668,-122.9166336
38.19909668,-122.9166336,38.02148056,-122.9338303
38.02148056,-122.9338303,37.83813095,-122.4582672
37.83813095,-122.4582672,38.12461472,-122.4639969
38.12461472,-122.4639969,38.07877731,-122.1775208
38.07877731,-122.1775208,38.02720642,-122.3379517
38.02720642,-122.3379517,37.54592514,-122.0743866
37.54592514,-122.0743866,37.59175873,-122.2519989
37.59175873,-122.2519989,37.72927094,-122.3436737
37.72927094,-122.3436737,37.78656769,-122.4811935
37.78656769,-122.4811935,37.15631485,-122.3207626
37.15631485,-122.3207626,36.90994263,-121.7993622
36.90994263,-121.7993622,36.63492203,-121.8509293
36.63492203,-121.8509293,36.46303177,-121.891037
36.46303177,-121.891037,35.91872406,-121.4441376
35.91872406,-121.4441376,35.46608734,-120.848259
35.46608734,-120.848259,35.31138992,-120.853981
35.31138992,-120.853981,35.18533707,-120.65345
35.18533707,-120.65345,34.62956619,-120.6190796
34.62956619,-120.6190796,34.55508423,-120.4987564
34.55508423,-120.4987564,34.42903519,-119.8398514
34.42903519,-119.8398514,34.44049454,-119.5820236
34.44049454,-119.5820236,34.22850037,-119.1981354
34.22850037,-119.1981354,34.03942108,-118.7283173
34.03942108,-118.7283173,34.03942108,-118.5335083
34.03942108,-118.5335083,33.76440048,-118.3673553
33.76440048,-118.3673553,33.77586365,-118.2355728
33.77586365,-118.2355728,33.31176376,-117.4334259
33.31176376,-117.4334259,32.85340118,-117.2558136
32.85340118,-117.2558136,32.64140701,-117.10112
32.64140701,-117.10112,32.59556961,-117.1125717
32.59556961,-117.1125717,32.73308182,-114.7348022
32.73308182,-114.7348022,32.57838058,-114.7978134
32.57838058,-114.7978134,31.41527748,-111.2970505
31.41527748,-111.2970505,31.34652138,-108.9020844
31.34652138,-108.9020844,31.35225105,-108.2317276
31.35225105,-108.2317276,31.78769684,-108.2202682
31.78769684,-108.2202682,31.78196907,-106.547226
31.78196907,-106.547226,31.61008072,-106.3123169
31.61008072,-106.3123169,30.71626663,-105.1148376
30.71626663,-105.1148376,30.36103439,-104.8168945
30.36103439,-104.8168945,29.65056419,-104.5361481
29.65056419,-104.5361481,28.97447586,-103.2584534
28.97447586,-103.2584534,29.18647003,-102.9375992
29.18647003,-102.9375992,29.63337708,-102.7427902
29.63337708,-102.7427902,29.742239,-102.5479889
29.742239,-102.5479889,29.85110283,-102.3646393
29.85110283,-102.3646393,29.742239,-101.4077988
29.742239,-101.4077988,29.742239,-101.4077988
41.40192795,-70.45088959,41.39047241,-70.53110504
41.39047241,-70.53110504,41.43058014,-70.697258
41.43058014,-70.697258,41.34463501,-70.77747345
41.34463501,-70.77747345,41.35036469,-70.80612946
41.35036469,-70.80612946,41.40192795,-70.45088959
41.40192795,-70.45088959,41.40192795,-70.45088959
41.27587891,-70.0612793,41.34463501,-69.99253082
41.34463501,-69.99253082,41.28733826,-69.96960449
41.28733826,-69.96960449,41.27587891,-69.9524231
41.27587891,-69.9524231,41.27587891,-70.21024323
41.27587891,-70.21024323,41.27587891,-70.0612793
41.27587891,-70.0612793,41.27587891,-70.0612793
40.80605316,-73.92874146,40.72010803,-74.02615356
40.72010803,-74.02615356,40.7086525,-74.02041626
40.7086525,-74.02041626,40.80605316,-73.92874146
40.80605316,-73.92874146,40.80605316,-73.92874146
40.48519897,-74.27824402,40.55395126,-74.12928009
40.55395126,-74.12928009,40.58832932,-74.08344269
40.58832932,-74.08344269,40.66281509,-74.09490204
40.66281509,-74.09490204,40.48519897,-74.27824402
40.48519897,-74.27824402,40.48519897,-74.27824402
40.89772797,-72.49635315,40.87480927,-72.53646088
40.87480927,-72.53646088,40.93783569,-72.58802032
40.93783569,-72.58802032,41.14410019,-72.34164429
41.14410019,-72.34164429,40.95502472,-72.96617126
40.95502472,-72.96617126,40.96075439,-73.1667099
40.96075439,-73.1667099,40.72010803,-73.94593048
40.72010803,-73.94593048,40.58259964,-74.00322723
40.58259964,-74.00322723,40.62270737,-73.89437103
40.62270737,-73.89437103,40.63416672,-73.86571503
40.63416672,-73.86571503,40.62270737,-73.77977753
40.62270737,-73.77977753,40.79459763,-72.76564026
40.79459763,-72.76564026,41.02950668,-71.90047455
41.02950668,-71.90047455,41.01231766,-72.14684296
41.01231766,-72.14684296,40.89772797,-72.49635315
40.89772797,-72.49635315,40.89772797,-72.49635315
48.56963348,-123.0197678,48.43785095,-122.9624786
48.43785095,-122.9624786,48.47795868,-123.0426865
48.47795868,-123.0426865,48.58108902,-123.0942535
48.58108902,-123.0942535,48.56963348,-123.0197678
48.56963348,-123.0197678,48.56963348,-123.0197678
48.4034729,-122.8249588,48.54098129,-122.8364182
48.54098129,-122.8364182,48.4034729,-122.8249588
48.4034729,-122.8249588,48.4034729,-122.8249588
48.6097374,-122.767662,48.63838959,-122.8536148
48.63838959,-122.8536148,48.59828186,-122.9452896
48.59828186,-122.9452896,48.64411545,-122.9510117
48.64411545,-122.9510117,48.71287155,-122.8364182
48.71287155,-122.8364182,48.6097374,-122.767662
48.6097374,-122.767662,48.6097374,-122.767662
48.1742897,-122.6702652,48.37482452,-122.6186981
48.37482452,-122.6186981,48.27742386,-122.5098419
48.27742386,-122.5098419,48.21439743,-122.6072388
48.21439743,-122.6072388,48.03105164,-122.4926529
48.03105164,-122.4926529,48.03105164,-122.4697342
48.03105164,-122.4697342,47.92791748,-122.3207626
47.92791748,-122.3207626,48.1742897,-122.6702652
48.1742897,-122.6702652,48.1742897,-122.6702652
